{"cameraMode":{"drawMode":0,"name":"Shaded","section":"Shading Mode"},"sceneLighting":false,"audioPlay":false,"sceneViewState":{"showFog":true,"showMaterialUpdate":false,"showSkybox":false,"showFlares":true,"showImageEffects":true,"showParticleSystems":true},"in2DMode":false,"pivot":{"x":96.53170776367188,"y":0.34527069330215456,"z":63.03163528442383},"rotation":{"x":-0.029125118628144265,"y":0.9691887497901917,"z":-0.14142432808876038,"w":-0.19959847629070283},"size":1.1117430925369263,"orthographic":false}