{"cameraMode":{"drawMode":0,"name":"Shaded","section":"Shading Mode"},"sceneLighting":false,"audioPlay":false,"sceneViewState":{"showFog":true,"showMaterialUpdate":false,"showSkybox":false,"showFlares":true,"showImageEffects":true,"showParticleSystems":true},"in2DMode":false,"pivot":{"x":-0.9376318454742432,"y":1.6861850023269654,"z":15.713861465454102},"rotation":{"x":0.13141800463199616,"y":-0.5004804134368897,"z":0.07717670500278473,"w":0.8522281050682068},"size":2.1233439445495607,"orthographic":false}