{"cameraMode":{"drawMode":0,"name":"Shaded","section":"Shading Mode"},"sceneLighting":false,"audioPlay":false,"sceneViewState":{"showFog":true,"showMaterialUpdate":false,"showSkybox":false,"showFlares":true,"showImageEffects":true,"showParticleSystems":true},"in2DMode":false,"pivot":{"x":-4.571811676025391,"y":0.8899993896484375,"z":10.770000457763672},"rotation":{"x":0.13141800463199616,"y":-0.5004804134368897,"z":0.07717670500278473,"w":0.8522281050682068},"size":2.288973093032837,"orthographic":false}